file_name,n_events
ffh_2024_0000007,485
ffh_2024_0000046,189
ffh_2024_0000053,141
ffh_2024_0000054,155
ffh_2024_0000055,175
ffh_2024_0000059,177
ffh_2024_0000060,137
ffh_2024_0000061,177
ffh_2024_0000069,201
ffh_2024_0000071,211
ffh_2024_0000073,147
ffh_2024_0000076,159
ffh_2024_0000079,146
ffh_2024_0000080,106
ffh_2024_0000081,184
ffh_2024_0000083,138
ffh_2024_0000084,101
ffh_2024_0000087,129
ffh_2024_0000102,20
ffh_2024_0000120,50
ffh_2024_0000121,131
ffh_2024_0000131,2
ffh_2024_0000137,12
ffh_2024_0000148,152
ffh_2024_0000154,20
ffh_2024_0000156,76
ffh_2024_0000160,31
ffh_2024_0000164,7
ffh_2024_0000165,10
ffh_2024_0000181,20
ffh_2024_0000182,83
ffh_2024_0000196,56
ffh_2024_0000202,5
ffh_2024_0000225,24
ffh_2024_0000233,13
ffh_2024_0000237,164
ffh_2024_0000246,66
ffh_2024_0000253,16
ffh_2024_0000256,112
ffh_2024_0000270,116
ffh_2024_0000282,17
ffh_2024_0000304,11
ffh_2024_0000308,30
ffh_2024_0000315,73
ffh_2024_0000349,8
ffh_2024_0000350,6
ffh_2024_0000360,121
ffh_2024_0000368,113
ffh_2024_0000377,130
ffh_2024_0000379,124
ffh_2024_0000387,26
ffh_2024_0000390,2
ffh_2024_0000391,29
ffh_2024_0000408,50
ffh_2024_0000415,94
ffh_2024_0000424,101
ffh_2024_0000434,33
ffh_2024_0000440,14
ffh_2024_0000446,23
ffh_2024_0000452,164
ffh_2024_0000453,99
ffh_2024_0000456,69
ffh_2024_0000460,54
ffh_2024_0000461,94
mh_2018_0000066,33
mh_2018_0000068,3
mh_2018_0000069,14
mh_2018_0000072,10
mh_2018_0000095,83
mh_2018_0000171,17
mh_2019_0000002,19
mh_2019_0000004,60
mh_2019_0000008,69
mh_2019_0000009,6
mh_2019_0000012,41
mh_2019_0000017,3
mh_2019_0000025,82
mh_2019_0000036,45
mh_2019_0000040,39
mh_2019_0000041,1
mh_2019_0000045,73
mh_2019_0000046,55
mh_2019_0000047,56
mh_2019_0000052,13
mh_2019_0000071,303
mh_2019_0000072,8
mh_2019_0000076,67
mh_2019_0000079,19
mh_2019_0000088,17
mh_2019_0000090,131
mh_2019_0000093,32
mh_2019_0000094,25
mh_2019_0000099,3
mh_2019_0000108,124
mh_2019_0000115,42
mh_2019_0000116,61
mh_2019_0000123,75
mh_2019_0000140,3
mh_2019_0000151,79
mh_2019_0000154,25
mh_2019_0000162,1
mh_2019_0000164,61
mh_2019_0000182,15
mh_2019_0000188,13
mh_2019_0000203,50
mh_2019_0000206,14
mh_2019_0000211,25
mh_2019_0000217,19
mh_2019_0000218,20
mh_2019_0000221,41
mh_2019_0000222,4
mh_2019_0000224,18
mh_2019_0000225,22
mh_2019_0000240,64
mh_2019_0000241,47
mh_2019_0000246,58
mh_2019_0000248,68
mh_2019_0000256,96
mh_2019_0000258,36
mh_2019_0000264,1
mh_2019_0000268,63
mh_2019_0000283,2
mh_2019_0000285,24
mh_2019_0000286,28
mh_2019_0000291,3
mh_2019_0000315,43
mh_2019_0000344,19
mh_2019_0000346,22
mh_2019_0000352,5
mh_2019_0000361,17
mh_2019_0000362,11
mh_2019_0000384,53
mh_2019_0000385,38
mh_2019_0000388,41
mh_2019_0000394,15
mh_2019_0000395,240
mh_2019_0000406,182
mh_2019_0000408,257
mh_2019_0000419,12
mh_2019_0000421,5
mh_2019_0000440,16
mh_2019_0000451,14
mh_2019_0000470,65
mh_2019_0000484,2
mh_2019_0000489,94
mh_2019_0000491,114
mh_2019_0000496,372
mh_2019_0000498,32
mh_2019_0000499,85
mh_2019_0000500,71
mh_2019_0000501,2
mh_2019_0000506,57
mh_2019_0000509,70
mh_2019_0000513,6
mh_2019_0000531,3
mh_2019_0000535,35
mh_2019_0000538,3
mh_2019_0000551,10
mh_2019_0000552,8
mh_2019_0000557,26
mh_2019_0000558,197
mh_2019_0000573,70
mh_2019_0000609,84
mh_2019_0000648,5
mh_2019_0000667,3
mh_2019_0000710,7
mh_2019_0000743,46
mh_2019_0000783,15
mh_2019_0000786,14
mh_2019_0000804,1
mh_2019_0000816,58
mh_2019_0000823,10
mh_2019_0000832,168
mh_2019_0000847,46
mh_2019_0000860,4
mh_2019_0000866,146
mh_2019_0000871,11
mh_2019_0000884,150
mh_2019_0000886,84
mh_2019_0000896,41
mh_2019_0000901,40
mh_2019_0000906,53
mh_2019_0000910,52
mh_2019_0000911,20
mh_2019_0000916,131
mh_2019_0000926,87
mh_2019_0000940,9
mh_2019_0000993,12
mh_2019_0000997,50
mh_2019_0001021,52
mh_2019_0001025,14
mh_2019_0001032,56
mh_2019_0001033,12
mh_2019_0001035,171
mh_2019_0001042,4
mh_2019_0001064,67
mh_2019_0001072,67
mh_2019_0001082,12
mh_2019_0001089,20
mh_2019_0001097,128
mh_2019_0001099,37
mh_2019_0001118,7
mh_2019_0001122,35
mh_2019_0001125,2
mh_2019_0001127,35
mh_2019_0001140,54
mh_2019_0001152,6
mh_2019_0001153,12
mh_2019_0001156,1
mh_2019_0001160,29
mh_2019_0001161,65
mh_2019_0001175,17
mh_2019_0001179,311
mh_2019_0001183,36
mh_2019_0001185,28
mh_2019_0001200,66
mh_2019_0001202,267
mh_2019_0001216,19
mh_2019_0001221,37
mh_2019_0001238,2
mh_2019_0001239,54
mh_2019_0001242,19
mh_2019_0001249,244
mh_2019_0001258,8
mh_2019_0001270,10
mh_2019_0001280,6
mh_2019_0001289,5
mh_2019_0001290,5
mh_2019_0001306,41
mh_2019_0001311,7
mh_2019_0001312,77
mh_2019_0001333,174
mh_2019_0001350,23
mh_2019_0001352,26
mh_2019_0001353,11
mh_2019_0001364,15
mh_2019_0001385,144
mh_2019_0001391,43
mh_2019_0001399,103
mh_2019_0001402,53
mh_2019_0001406,154
mh_2019_0001407,111
mh_2019_0001420,62
mh_2019_0001422,111
mh_2019_0001425,35
mh_2019_0001432,27
mh_2019_0001433,20
mh_2019_0001436,8
mh_2019_0001450,11
mh_2019_0001451,160
mh_2019_0001462,45
mh_2019_0001464,6
mh_2019_0001466,86
mh_2019_0001486,60
mh_2019_0001497,3
mh_2019_0001509,90
mh_2019_0001512,70
mh_2019_0001535,73
mh_2019_0001541,41
mh_2019_0001558,66
mh_2019_0001565,16
mh_2019_0001569,6
mh_2019_0001570,12
mh_2019_0001572,69
mh_2019_0001573,92
mh_2019_0001586,31
mh_2019_0001593,6
mh_2019_0001598,132
mh_2019_0001607,185
mh_2019_0001608,10
mh_2019_0001616,85
mh_2019_0001621,6
mh_2019_0001640,19
mh_2019_0001641,10
mh_2019_0001650,21
mh_2019_0001657,19
mh_2019_0001658,12
mh_2019_0001669,33
mh_2019_0001674,60
mh_2019_0001690,89
mh_2019_0001691,83
mh_2019_0001703,6
mh_2019_0001708,6
mh_2019_0001713,10
mh_2019_0001734,216
mh_2019_0001773,49
mh_2019_0001818,50
mh_2019_0001827,12
mh_2019_0001831,29
mh_2019_0001842,132
mh_2019_0001843,181
mh_2019_0001851,2
mh_2019_0001862,122
mh_2019_0001882,93
mh_2019_0001887,13
mh_2019_0001893,13
mh_2019_0001902,2
mh_2019_0001904,77
mh_2019_0001916,33
mh_2019_0001941,45
mh_2019_0002008,9
mh_2019_0002015,61
mh_2019_0002021,12
mh_2019_0002031,21
mh_2019_0002045,19
mh_2019_0002046,15
mh_2019_0002052,96
mh_2019_0002053,37
mh_2019_0002054,80
mh_2019_0002057,186
mh_2019_0002063,17
mh_2019_0002076,65
mh_2019_0002077,12
mh_2019_0002078,30
mh_2019_0002079,25
mh_2019_0002086,61
mh_2019_0002087,16
mh_2019_0002091,100
mh_2019_0002094,18
mh_2019_0002095,10
mh_2019_0002098,5
mh_2019_0002100,33
mh_2019_0002107,9
mh_2019_0002123,15
mh_2019_0002134,80
mh_2019_0002149,18
mh_2019_0002153,6
mh_2019_0002161,24
mh_2019_0002170,31
mh_2019_0002177,82
mh_2019_0002188,4
mh_2019_0002202,7
mh_2019_0002203,58
mh_2019_0002204,16
mh_2019_0002218,64
mh_2019_0002224,15
mh_2019_0002225,21
mh_2019_0002234,119
mh_2019_0002236,5
mh_2019_0002257,260
mh_2019_0002262,161
mh_2019_0002264,162
mh_2019_0002266,25
mh_2019_0002287,126
mh_2019_0002293,298
mh_2019_0002303,54
mh_2019_0002310,7
mh_2019_0002312,84
mh_2019_0002327,5
mh_2019_0002350,105
mh_2019_0002351,25
mh_2019_0002358,3
mh_2019_0002369,57
mh_2019_0002370,2
mh_2019_0002380,194
mh_2019_0002382,59
mh_2019_0002389,54
mh_2019_0002394,105
mh_2019_0002417,53
mh_2019_0002422,21
mh_2019_0002428,17
mh_2019_0002429,39
mh_2019_0002430,45
mh_2019_0002465,28
mh_2019_0002467,6
mh_2019_0002481,10
mh_2019_0002483,175
mh_2019_0002486,19
mh_2019_0002511,160
mh_2019_0002522,80
mh_2019_0002526,74
mh_2019_0002541,86
mh_2019_0002578,30
mh_2019_0002631,37
mh_2019_0002632,40
mh_2019_0002645,82
mh_2019_0002650,19
mh_2019_0002661,21
mh_2020_0000004,21
mh_2020_0000006,178
mh_2020_0000008,1
mh_2020_0000020,31
mh_2020_0000026,13
mh_2020_0000036,97
mh_2020_0000037,46
mh_2020_0000041,5
mh_2020_0000060,52
mh_2020_0000083,53
mh_2020_0000090,68
mh_2020_0000100,78
mh_2020_0000101,154
mh_2020_0000127,64
mh_2020_0000131,30
mh_2020_0000167,25
mh_2020_0000219,41
mh_2020_0000222,28
mh_2020_0000225,53
mh_2020_0000243,4
mh_2020_0000247,91
mh_2020_0000250,13
mh_2020_0000266,30
mh_2020_0000278,13
mh_2020_0000281,92
mh_2020_0000289,82
mh_2020_0000290,18
mh_2020_0000306,52
mh_2020_0000330,1
mh_2020_0000337,68
mh_2020_0000353,31
mh_2020_0000376,95
mh_2020_0000400,5
mh_2020_0000403,80
mh_2020_0000418,13
mh_2020_0000437,234
mh_2020_0000444,46
mh_2020_0000455,38
mh_2020_0000472,2
mh_2020_0000494,30
mh_2020_0000502,2
mh_2020_0000507,57
mh_2020_0000519,81
mh_2020_0000551,6
mh_2020_0000573,34
mh_2020_0000577,115
mh_2020_0000585,14
mh_2020_0000594,3
mh_2020_0000598,39
mh_2020_0000599,44
mh_2020_0000603,2
mh_2020_0000609,49
mh_2020_0000615,100
mh_2020_0000616,69
mh_2020_0000620,15
mh_2020_0000621,4
mh_2020_0000623,62
mh_2020_0000624,10
mh_2020_0000626,107
mh_2020_0000627,89
mh_2020_0000634,35
mh_2020_0000635,8
mh_2020_0000637,11
mh_2020_0000638,33
mh_2020_0000644,41
mh_2020_0000652,154
mh_2020_0000676,8
mh_2020_0000680,37
mh_2020_0000681,11
mh_2020_0000682,164
mh_2020_0000728,38
mh_2020_0000734,46
mh_2020_0000743,53
mh_2020_0000744,41
mh_2020_0000753,63
mh_2020_0000764,187
mh_2020_0000765,5
mh_2020_0000784,136
mh_2020_0000827,1
mh_2020_0000828,157
mh_2020_0000830,36
mh_2020_0000844,68
mh_2020_0000847,186
mh_2020_0000849,214
mh_2020_0000851,261
mh_2020_0000854,281
mh_2020_0000857,128
mh_2020_0000859,160
mh_2020_0000862,20
mh_2020_0000864,46
mh_2020_0000875,14
mh_2020_0000884,201
mh_2020_0000893,214
mh_2020_0000908,11
mh_2020_0000919,5
mh_2020_0000926,148
mh_2020_0000940,2
mh_2020_0000948,43
mh_2020_0000951,109
mh_2020_0000952,170
mh_2020_0000956,7
mh_2020_0000963,115
mh_2020_0000964,253
mh_2020_0000965,1
mh_2020_0000993,291
mh_2020_0001004,6
mh_2020_0001005,10
mh_2020_0001008,109
mh_2020_0001018,1
mh_2020_0001022,204
mh_2020_0001024,16
mh_2020_0001028,206
mh_2020_0001037,1
mh_2020_0001041,84
mh_2020_0001045,286
mh_2020_0001060,188
mh_2020_0001064,65
mh_2020_0001065,44
mh_2020_0001066,11
mh_2020_0001071,24
mh_2020_0001072,16
mh_2020_0001075,235
mh_2020_0001081,153
mh_2020_0001082,72
mh_2020_0001088,11
mh_2020_0001089,220
mh_2020_0001090,57
mh_2020_0001111,2
mh_2020_0001126,178
mh_2020_0001128,79
mh_2020_0001142,174
mh_2020_0001143,18
mh_2020_0001154,145
mh_2020_0001157,180
mh_2020_0001173,78
mh_2020_0001183,21
mh_2020_0001185,159
mh_2020_0001192,125
mh_2020_0001195,851
mh_2020_0001196,224
mh_2020_0001199,115
mh_2020_0001204,51
mh_2020_0001208,307
mh_2020_0001214,35
mh_2020_0001226,207
mh_2020_0001227,26
mh_2020_0001228,136
mh_2020_0001234,171
mh_2020_0001241,849
mh_2020_0001244,43
mh_2020_0001250,73
mh_2021_0000013,44
mh_2021_0000016,177
mh_2021_0000037,173
mh_2021_0000039,484
mh_2021_0000043,3
mh_2021_0000051,63
mh_2021_0000104,98
mh_2021_0000105,74
mh_2021_0000109,17
mh_2021_0000113,38
mh_2021_0000114,23
mh_2021_0000122,181
mh_2021_0000129,181
mh_2021_0000130,151
mh_2021_0000133,152
mh_2021_0000134,10
mh_2021_0000140,43
mh_2021_0000141,174
mh_2021_0000144,66
mh_2021_0000153,90
mh_2021_0000157,138
mh_2021_0000163,343
mh_2021_0000168,49
mh_2021_0000178,159
mh_2021_0000183,32
mh_2021_0000185,99
mh_2021_0000194,32
mh_2021_0000199,256
mh_2021_0000200,242
mh_2021_0000211,106
mh_2021_0000216,28
mh_2021_0000219,105
mh_2021_0000220,35
mh_2021_0000221,11
mh_2021_0000228,215
mh_2021_0000232,102
mh_2021_0000233,15
mh_2021_0000235,46
mh_2021_0000239,181
mh_2021_0000241,86
mh_2021_0000242,10
mh_2021_0000246,317
mh_2021_0000247,18
mh_2021_0000264,141
mh_2021_0000266,14
mh_2021_0000273,215
mh_2021_0000283,51
mh_2021_0000290,32
mh_2021_0000308,82
mh_2021_0000325,28
mh_2021_0000328,653
mh_2021_0000329,89
mh_2021_0000337,8
mh_2021_0000344,290
mh_2021_0000349,92
mh_2021_0000351,109
mh_2021_0000363,216
mh_2021_0000372,129
mh_2021_0000373,13
mh_2021_0000381,38
mh_2021_0000410,511
mh_2021_0000419,364
mh_2021_0000422,3
mh_2021_0000436,1
mh_2021_0000439,1182
mh_2021_0000448,167
mh_2021_0000453,237
mh_2021_0000464,17
mh_2021_0000465,51
mh_2021_0000469,7
mh_2021_0000477,136
mh_2021_0000485,19
mh_2021_0000507,442
mh_2021_0000512,76
mh_2021_0000535,345
mh_2021_0000544,186
mh_2021_0000545,133
mh_2021_0000547,218
mh_2021_0000553,73
mh_2021_0000561,116
mh_2021_0000574,155
mh_2021_0000581,63
mh_2021_0000582,35
mh_2021_0000588,83
mh_2021_0000589,21
mh_2021_0000594,1
mh_2021_0000598,4
mh_2021_0000601,139
mh_2021_0000609,72
mh_2021_0000634,264
mh_2021_0000635,128
mh_2021_0000639,210
mh_2021_0000652,63
mh_2021_0000653,7
mh_2021_0000654,4
mh_2021_0000657,10
mh_2021_0000658,149
mh_2021_0000672,97
mh_2021_0000681,215
mh_2021_0000683,56
mh_2021_0000687,383
mh_2021_0000691,65
mh_2021_0000696,319
mh_2021_0000717,57
mh_2021_0000718,187
mh_2021_0000719,55
mh_2021_0000724,138
mh_2021_0000725,20
mh_2021_0000735,37
mh_2021_0000764,103
mh_2021_0000767,10
mh_2021_0000772,74
mh_2021_0000791,182
mh_2021_0000794,92
mh_2021_0000797,22
mh_2021_0000803,54
mh_2021_0000809,126
mh_2021_0000810,522
mh_2021_0000827,36
mh_2021_0000828,3
mh_2021_0000839,4
mh_2021_0001067,60
mh_2021_0001068,192
mh_2021_0001082,78
mh_2021_0001085,73
mh_2021_0001093,7
mh_2021_0001098,87
mh_2021_0001099,127
mh_2021_0001105,247
mh_2021_0001113,154
mh_2021_0001118,123
mh_2021_0001119,87
mh_2021_0001123,4
mh_2021_0001134,9
mh_2021_0001140,273
mh_2021_0001141,29
mh_2021_0001152,127
mh_2022_0000002,1
mh_2022_0000007,294
mh_2022_0000008,136
mh_2022_0000020,2
mh_2022_0000029,101
mh_2022_0000030,217
mh_2022_0000035,126
mh_2022_0000036,163
mh_2022_0000040,246
mh_2022_0000060,120
mh_2022_0000067,69
mh_2022_0000068,20
mh_2022_0000069,93
mh_2022_0000077,13
mh_2022_0000078,11
mh_2022_0000080,76
mh_2022_0000092,127
mh_2022_0000093,173
mh_2022_0000094,171
mh_2022_0000100,270
mh_2022_0000107,121
mh_2022_0000108,89
mh_2022_0000109,138
mh_2022_0000123,113
mh_2022_0000132,290
mh_2022_0000134,107
mh_2022_0000149,20
mh_2022_0000157,70
mh_2022_0000177,18
mh_2022_0000180,120
mh_2022_0000181,42
mh_2022_0000187,93
mh_2022_0000188,118
mh_2022_0000190,16
mh_2022_0000204,160
mh_2022_0000206,2
mh_2022_0000210,140
mh_2022_0000212,100
mh_2022_0000213,263
mh_2022_0000225,7
mh_2022_0000241,94
mh_2022_0000242,42
mh_2022_0000243,105
mh_2022_0000244,62
mh_2022_0000245,93
mh_2022_0000264,79
mh_2022_0000267,145
mh_2022_0000268,152
mh_2022_0000277,33
mh_2022_0000278,60
mh_2022_0000279,89
mh_2022_0000280,40
mh_2022_0000281,1
mh_2022_0000290,53
mh_2022_0000310,33
mh_2022_0000311,64
mh_2022_0000327,118
mh_2022_0000329,158
mh_2022_0000336,196
mh_2022_0000339,6
mh_2022_0000346,109
mh_2022_0000354,97
mh_2022_0000355,51
mh_2022_0000364,61
mh_2022_0000366,115
mh_2022_0000371,13
mh_2022_0000372,72
mh_2022_0000374,68
mh_2022_0000379,269
mh_2022_0000380,27
mh_2022_0000381,137
mh_2022_0000383,53
mh_2022_0000390,9
mh_2022_0000408,82
mh_2022_0000411,240
mh_2022_0000412,564
mh_2022_0000414,103
mh_2022_0000415,262
mh_2024_0002860,116
mh_2024_0002864,10
mh_2024_0002865,333
mh_2024_0002872,47
mh_2024_0002878,44
mh_2024_0002880,15
mh_2024_0002893,64
mh_2024_0002894,22
mh_2024_0002902,34
mh_2024_0002903,17
mh_2024_0002914,22
mh_2024_0002915,17
mh_2024_0002927,7
mh_2024_0002956,52
mh_2024_0002977,50
mh_2024_0002983,5
mh_2024_0002988,42
mh_2024_0002998,89
mh_2024_0003031,71
mh_2024_0003054,2
mh_2024_0003057,69
mh_2024_0003064,2
mh_2024_0003080,7
mh_2024_0003081,20
mh_2024_0003082,48
mh_2024_0003094,88
mh_2024_0003109,68
mh_2024_0003110,48
mh_2024_0003112,125
mh_2024_0003128,1
mh_2024_0003129,12
mh_2024_0003134,27
mh_2024_0003142,63
mh_2024_0003146,45
mh_2024_0003159,101
mh_2024_0003161,15
mh_2024_0003163,54
mh_2024_0003164,32
mh_2024_0003198,2
mh_2024_0003199,2
mh_2024_0003213,1
mh_2024_0003217,15
mh_2024_0003227,18
mh_2024_0003230,61
mh_2024_0003244,60
mh_2024_0003245,44
mh_2024_0003246,59
mh_2024_0003247,74
mh_2024_0003250,27
mh_2024_0003255,150
mh_2024_0003258,60
mh_2024_0003265,17
mh_2024_0003267,80
mh_2024_0003269,24
mh_2024_0003270,52
mh_2024_0003281,82
mh_2024_0003285,94
mh_2024_0003287,110
mh_2024_0003289,130
mh_2024_0003293,3
mh_2024_0003304,1
mh_2024_0003318,9
mh_2024_0003319,21
mh_2024_0003323,14
mh_2024_0003326,54
mh_2024_0003341,5
mh_2024_0003348,50
mh_2024_0003351,7
mh_2024_0003352,4
mh_2024_0003359,33
mh_2024_0003363,54
mh_2024_0003371,66
mh_2024_0003373,13
mh_2024_0003374,58
mh_2024_0003389,75
mh_2024_0003395,82
mh_2024_0003398,116
mh_2024_0003407,5
mh_2024_0003411,44
mh_2024_0003423,36
mh_2024_0003424,4
mh_2024_0003433,4
mh_2024_0003454,4
mh_2024_0003475,94
mh_2024_0003483,129
mh_2024_0003498,140
mh_2024_0003505,47
mh_2024_0003506,38
mh_2024_0003516,14
mh_2024_0003517,338
mh_2024_0003520,18
mh_2024_0003547,6
mh_2024_0003548,42
mh_2024_0003554,63
mh_2024_0003556,37
mh_2024_0003561,76
mh_2024_0003562,135
mh_2024_0003563,58
mh_2024_0003564,125
mh_2024_0003568,21
mh_2024_0003577,22
mh_2024_0003584,177
mh_2024_0003585,19
mh_2024_0003592,101
mh_2024_0003594,4
mh_2024_0003597,293
mh_2024_0003610,1
mh_2024_0003619,67
mh_2024_0003621,59
mh_2024_0003657,3
mh_2024_0003658,80
mh_2024_0003663,102
mh_2024_0003666,28
mh_2024_0003670,64
mh_2024_0003683,33
mh_2024_0003686,85
mh_2024_0003701,4
mh_2024_0003719,55
mh_2024_0003720,112
mh_2024_0003721,79
mh_2024_0003727,143
mh_2024_0003736,91
mh_2024_0003739,13
mh_2024_0003748,60
mh_2024_0003758,21
mh_2024_0003767,20
mh_2024_0003774,128
mh_2024_0003778,96
mh_2024_0003801,45
mh_2024_0003820,67
mh_2024_0003834,100
mh_2024_0003837,60
mh_2024_0003838,48
mh_2024_0003841,20
mh_2024_0003846,47
mh_2024_0003847,22
mh_2024_0003848,15
mh_2024_0003856,139
mh_2024_0003873,4
mh_2024_0003875,22
mh_2024_0003880,34
mh_2024_0003898,17
mh_2024_0003901,89
mh_2024_0003904,8
mh_2024_0003920,41
mh_2024_0003921,61
mh_2024_0003934,3
mh_2024_0003944,29
mh_2024_0003956,179
mh_2024_0003957,30
mh_2024_0003965,13
mh_2024_0003966,21
mh_2024_0003988,72
mh_2024_0004014,1
mh_2024_0004015,16
mh_2024_0004025,24
mh_2024_0004065,1
mh_2024_0004072,64
mh_2024_0004073,40
mh_2024_0004077,5
mh_2024_0004091,125
mh_2024_0004106,71
mh_2024_0004107,127
mh_2024_0004121,5
mh_2024_0004122,2
mh_2024_0004150,51
mh_2024_0004156,5
mh_2024_0004167,22
mh_2024_0004173,8
mh_2024_0004183,59
mh_2024_0004197,75
mh_2024_0004199,3
mh_2024_0004206,31
mh_2024_0004212,20
mh_2024_0004216,1
mh_2024_0004232,2
mh_2024_0004244,50
mh_2024_0004248,71
mh_2024_0004251,132
mh_2024_0004257,490
mh_2024_0004265,20
mh_2024_0004266,67
mh_2024_0004276,70
mh_2024_0004284,3
mh_2024_0004307,19
mh_2024_0004322,86
mh_2024_0004323,42
mh_2024_0004340,57
mh_2024_0004344,4
mh_2024_0004347,1
mh_2024_0004361,21
mh_2024_0004378,155
mh_2024_0004387,43
mh_2024_0004404,1
mh_2024_0004429,48
mh_2024_0004430,36
mh_2024_0004432,52
mh_2024_0004445,85
mh_2024_0004451,19
mh_2024_0004456,1
mh_2024_0004490,58
mh_2024_0004491,16
mh_2024_0004497,41
mh_2024_0004499,25
mh_2024_0004502,17
mh_2024_0004503,4
mh_2024_0004508,44
mh_2024_0004514,34
mh_2024_0004533,1
mh_2024_0004547,22
mh_2024_0004549,94
mh_2024_0004550,24
mh_2024_0004557,19
